"","fb","Taxa","plant","ra","z_land","p_land","z_even","p_even","p_land_BH","p_even_BH","target","target_k","target_p","target_c","landscape","target2","plant2","tag_ord","Top"
"25%192","Fungi","Glutinomyces","Betula","perc25",2.61736204492438,1e-04,-13.9970162713741,1e-04,0.000278391223310958,0.00168588287400169,"Fng_*Glutinomyces*","Fungi","Fng_Ascomycota","Fng_Leotiomycetes","with Δ*H* reduction","Fng_*Glutinomyces*","*Betula*","Fng_*Glutinomyces*",FALSE
"25%603","Fungi","Pir4 lineage","Betula","perc25",2.05473824948732,0.0001000100010001,-11.7317712943306,1e-04,0.000278391223310958,0.00168588287400169,"Prok_*Pir4 lineage*","Prokaryote","Prok_Planctomycetota","Prok_Planctomycetes","with Δ*H* reduction","Prok_*Pir4 lineage*","*Betula*","Prok_*Pir4 lineage*",FALSE
"50%616","Fungi","Rhodanobacter","Betula","median",1.84858353745896,0.0013001300130013,-10.5897066042779,0.0002000200020002,0.00308192236546489,0.00310237209287939,"Prok_*Rhodanobacter*","Prokaryote","Prok_Proteobacteria","Prok_Gammaproteobacteria","with Δ*H* reduction","Prok_Others","*Betula*","Prok_Others",FALSE
"50%172","Fungi","Ellin6067","Betula","median",1.94848367068965,0.0018001800180018,-9.40461632782005,0.0013001300130013,0.00415760793570726,0.0138726638621309,"Prok_*Ellin6067*","Prokaryote","Prok_Proteobacteria","Prok_Gammaproteobacteria","with Δ*H* reduction","Prok_*Ellin6067*","*Betula*","Prok_*Ellin6067*",FALSE
"75%605","Fungi","Podila","Betula","perc75",2.53339477748623,0.0027002700270027,2.53731898041396,0.0002000200020002,0.00601269446471274,0.00310237209287939,"Fng_*Podila*","Fungi","Fng_Mortierellomycota","Fng_Mortierellomycetes","with Δ*H* increase","Fng_*Podila*","*Betula*","Fng_*Podila*",FALSE
"75%639","Fungi","Streptacidiphilus","Betula","perc75",1.80147758881631,0.0094009400940094,-7.3603348858739,0.0006000600060006,0.0184735836507933,0.00761848336732407,"Prok_*Streptacidiphilus*","Prokaryote","Prok_Actinobacteriota","Prok_Actinobacteria","with Δ*H* reduction","Prok_Others","*Betula*","Prok_Others",FALSE
"25%2142","Fungi","Ramariopsis","Pinus","perc25",3.3461555678595,0.0085008500850085,-3.48871013530424,0.0004000400040004,0.016864454155465,0.00544669851600545,"Fng_*Ramariopsis*","Fungi","Fng_Basidiomycota","Fng_Agaricomycetes","with Δ*H* reduction","Fng_*Ramariopsis*","*Pinus*","Fng_*Ramariopsis*",FALSE
"25%2167","Fungi","Sphingomonas","Pinus","perc25",2.92286806293628,0.0084008400840084,-3.39046373592509,0.0015001500150015,0.0166825389662977,0.015511860464397,"Prok_*Sphingomonas*","Prokaryote","Prok_Proteobacteria","Prok_Alphaproteobacteria","with Δ*H* reduction","Prok_*Sphingomonas*","*Pinus*","Prok_*Sphingomonas*",FALSE
"50%2119","Fungi","Oidiodendron","Pinus","median",3.42226949073764,0.0024002400240024,-3.76253953936787,0.0001000100010001,0.0054005400540054,0.00168588287400169,"Fng_*Oidiodendron*","Fungi","Fng_Ascomycota","Fng_Leotiomycetes","with Δ*H* reduction","Fng_*Oidiodendron*","*Pinus*","Fng_*Oidiodendron*",FALSE
"50%257","Fungi","Dactylosporangium","Pinus","median",2.9812043141084,0.0056005600560056,-2.88097695209687,1e-04,0.0115641193749005,0.00168588287400169,"Prok_*Dactylosporangium*","Prokaryote","Prok_Actinobacteriota","Prok_Actinobacteria","with Δ*H* reduction","Prok_*Dactylosporangium*","*Pinus*","Prok_*Dactylosporangium*",FALSE
"25%346","Fungi","Cladophialophora","Acer","perc25",5.80587820445249,1e-04,3.79729939385054,1e-04,0.000278391223310958,0.00168588287400169,"Fng_*Cladophialophora*","Fungi","Fng_Ascomycota","Fng_Eurotiomycetes","with Δ*H* increase","Fng_*Cladophialophora*","*Acer*","Fng_*Cladophialophora*",FALSE
"25%345","Fungi","Cistella","Acer","perc25",2.94767179767128,0.0039003900390039,2.85489816233454,0.0007000700070007,0.00837526691328191,0.00856305142709393,"Fng_*Cistella*","Fungi","Fng_Ascomycota","Fng_Leotiomycetes","with Δ*H* increase","Fng_*Cistella*","*Acer*","Fng_*Cistella*",FALSE
"25%343","Fungi","Chthoniobacter","Acer","perc25",4.79603528586885,0.0011001100110011,-3.42229255904407,0.0016001600160016,0.00263684807971243,0.0163216321632163,"Prok_*Chthoniobacter*","Prokaryote","Prok_Verrucomicrobiota","Prok_Verrucomicrobiae","with Δ*H* reduction","Prok_*Chthoniobacter*","*Acer*","Prok_*Chthoniobacter*",FALSE
"25%3160","Fungi","Sphaerotilus","Acer","perc25",3.54669927486555,0.0049004900490049,-3.23751597627079,0.0003000300030003,0.0102772032689162,0.00431957071305217,"Prok_*Sphaerotilus*","Prokaryote","Prok_Proteobacteria","Prok_Gammaproteobacteria","with Δ*H* reduction","Prok_*Sphaerotilus*","*Acer*","Prok_*Sphaerotilus*",FALSE
"50%346","Fungi","Cladophialophora","Acer","median",7.07838434947846,1e-04,4.83028082343125,1e-04,0.000278391223310958,0.00168588287400169,"Fng_*Cladophialophora*","Fungi","Fng_Ascomycota","Fng_Eurotiomycetes","with Δ*H* increase","Fng_*Cladophialophora*","*Acer*","Fng_*Cladophialophora*",FALSE
"50%3152","Fungi","Saitozyma","Acer","median",4.48715536425317,0.0004000400040004,3.61392025954037,0.0004000400040004,0.00102801573371166,0.00544669851600545,"Fng_*Saitozyma*","Fungi","Fng_Basidiomycota","Fng_Tremellomycetes","with Δ*H* increase","Fng_*Saitozyma*","*Acer*","Fng_*Saitozyma*",FALSE
"50%343","Fungi","Chthoniobacter","Acer","median",4.21908433752535,0.0013001300130013,-2.92085280840223,0.0021002100210021,0.00308192236546489,0.019687015430515,"Prok_*Chthoniobacter*","Prokaryote","Prok_Verrucomicrobiota","Prok_Verrucomicrobiae","with Δ*H* reduction","Prok_*Chthoniobacter*","*Acer*","Prok_*Chthoniobacter*",FALSE
"50%3160","Fungi","Sphaerotilus","Acer","median",3.26377956187162,0.0053005300530053,-2.8542273844773,0.0005000500050005,0.0110240039547996,0.00658490356694313,"Prok_*Sphaerotilus*","Prokaryote","Prok_Proteobacteria","Prok_Gammaproteobacteria","with Δ*H* reduction","Prok_*Sphaerotilus*","*Acer*","Prok_*Sphaerotilus*",FALSE
"75%346","Fungi","Cladophialophora","Acer","perc75",8.91778062595554,1e-04,5.93527559950416,1e-04,0.000278391223310958,0.00168588287400169,"Fng_*Cladophialophora*","Fungi","Fng_Ascomycota","Fng_Eurotiomycetes","with Δ*H* increase","Fng_*Cladophialophora*","*Acer*","Fng_*Cladophialophora*",FALSE
"75%381","Fungi","Hyaloscypha","Acer","perc75",6.39872321147594,1e-04,3.99022812807682,1e-04,0.000278391223310958,0.00168588287400169,"Fng_*Hyaloscypha*","Fungi","Fng_Ascomycota","Fng_Leotiomycetes","with Δ*H* increase","Fng_*Hyaloscypha*","*Acer*","Fng_*Hyaloscypha*",FALSE
"75%343","Fungi","Chthoniobacter","Acer","perc75",3.81275842501392,0.0014001400140014,-2.64218546988912,0.0023002300230023,0.00329950803299508,0.0209105502695285,"Prok_*Chthoniobacter*","Prokaryote","Prok_Verrucomicrobiota","Prok_Verrucomicrobiae","with Δ*H* reduction","Prok_*Chthoniobacter*","*Acer*","Prok_*Chthoniobacter*",FALSE
"75%3160","Fungi","Sphaerotilus","Acer","perc75",3.01370748330421,0.0059005900590059,-2.59416686272742,0.001000100010001,0.0121461376906921,0.0113773192064008,"Prok_*Sphaerotilus*","Prokaryote","Prok_Proteobacteria","Prok_Gammaproteobacteria","with Δ*H* reduction","Prok_*Sphaerotilus*","*Acer*","Prok_*Sphaerotilus*",FALSE
"25%4100","Fungi","Mortierella","Populus","perc25",7.65866721444646,1e-04,6.63119572817254,1e-04,0.000278391223310958,0.00168588287400169,"Fng_*Mortierella*","Fungi","Fng_Mortierellomycota","Fng_Mortierellomycetes","with Δ*H* increase","Fng_*Mortierella*","*Populus*","Fng_*Mortierella*",FALSE
"25%4102","Fungi","Mycena","Populus","perc25",6.60514624567814,0.0003000300030003,5.3220685422682,0.0014001400140014,0.000787824094228001,0.014756642038985,"Fng_*Mycena*","Fungi","Fng_Basidiomycota","Fng_Agaricomycetes","with Δ*H* increase","Fng_*Mycena*","*Populus*","Fng_*Mycena*",FALSE
"25%4154","Fungi","Spirochaeta 2","Populus","perc25",3.10093518630657,0.0049004900490049,-3.51456207976669,0.0005000500050005,0.0102772032689162,0.00658490356694313,"Prok_*Spirochaeta 2*","Prokaryote","Prok_Spirochaetota","Prok_Spirochaetia","with Δ*H* reduction","Prok_*Spirochaeta 2*","*Populus*","Prok_*Spirochaeta 2*",FALSE
"25%4108","Fungi","Nitrospira","Populus","perc25",2.74368480535228,0.0149014901490149,-3.35895972699721,0.0016001600160016,0.0279072697316388,0.0163216321632163,"Prok_*Nitrospira*","Prokaryote","Prok_Nitrospirota","Prok_Nitrospiria","with Δ*H* reduction","Prok_Others","*Populus*","Prok_Others",FALSE
"50%445","Fungi","Cladophialophora","Populus","median",24.9485024217751,1e-04,8.62946281707562,1e-04,0.000278391223310958,0.00168588287400169,"Fng_*Cladophialophora*","Fungi","Fng_Ascomycota","Fng_Eurotiomycetes","with Δ*H* increase","Fng_*Cladophialophora*","*Populus*","Fng_*Cladophialophora*",FALSE
"50%4100","Fungi","Mortierella","Populus","median",12.8049025199757,1e-04,8.3113281103398,1e-04,0.000278391223310958,0.00168588287400169,"Fng_*Mortierella*","Fungi","Fng_Mortierellomycota","Fng_Mortierellomycetes","with Δ*H* increase","Fng_*Mortierella*","*Populus*","Fng_*Mortierella*",FALSE
"50%450","Fungi","Collimonas","Populus","median",3.46009833347054,0.0004000400040004,-3.44854070378321,0.0008000800080008,0.00102801573371166,0.0095344187884135,"Prok_*Collimonas*","Prokaryote","Prok_Proteobacteria","Prok_Gammaproteobacteria","with Δ*H* reduction","Prok_Others","*Populus*","Prok_Others",FALSE
"75%445","Fungi","Cladophialophora","Populus","perc75",24.754695335158,1e-04,9.55781196068594,1e-04,0.000278391223310958,0.00168588287400169,"Fng_*Cladophialophora*","Fungi","Fng_Ascomycota","Fng_Eurotiomycetes","with Δ*H* increase","Fng_*Cladophialophora*","*Populus*","Fng_*Cladophialophora*",FALSE
"75%4124","Fungi","Phialocephala","Populus","perc75",10.2162049393745,0.0001000100010001,9.16527616958286,1e-04,0.000278391223310958,0.00168588287400169,"Fng_*Phialocephala*","Fungi","Fng_Ascomycota","Fng_Leotiomycetes","with Δ*H* increase","Fng_*Phialocephala*","*Populus*","Fng_*Phialocephala*",FALSE
"75%450","Fungi","Collimonas","Populus","perc75",2.55109299210303,0.0071007100710071,-2.82597594379277,0.0028002800280028,0.014308358546698,0.0240744074407441,"Prok_*Collimonas*","Prokaryote","Prok_Proteobacteria","Prok_Gammaproteobacteria","with Δ*H* reduction","Prok_Others","*Populus*","Prok_Others",FALSE
"75%4112","Fungi","Oidiodendron","Populus","perc75",16.5315520047241,1e-04,-4.02694979011379,0.0021002100210021,0.000278391223310958,0.019687015430515,"Fng_*Oidiodendron*","Fungi","Fng_Ascomycota","Fng_Leotiomycetes","with Δ*H* reduction","Fng_*Oidiodendron*","*Populus*","Fng_*Oidiodendron*",FALSE
"25%1133","Fungi","Oidiodendron","Larix","perc25",61.9708148479254,0.0001000100010001,61.1104976019552,0.0001000100010001,0.000278391223310958,0.00168588287400169,"Fng_*Oidiodendron*","Fungi","Fng_Ascomycota","Fng_Leotiomycetes","with Δ*H* increase","Fng_*Oidiodendron*","*Larix*","Fng_*Oidiodendron*",FALSE
"25%1150","Fungi","Podila","Larix","perc25",10.777614792353,0.0004000400040004,6.58471106568842,1e-04,0.00102801573371166,0.00168588287400169,"Fng_*Podila*","Fungi","Fng_Mortierellomycota","Fng_Mortierellomycetes","with Δ*H* increase","Fng_*Podila*","*Larix*","Fng_*Podila*",FALSE
"25%1148","Fungi","Pir4 lineage","Larix","perc25",5.03477352025699,0.0016001600160016,-5.3360895295657,0.0001000100010001,0.0037343269210642,0.00168588287400169,"Prok_*Pir4 lineage*","Prokaryote","Prok_Planctomycetota","Prok_Planctomycetes","with Δ*H* reduction","Prok_*Pir4 lineage*","*Larix*","Prok_*Pir4 lineage*",FALSE
"25%159","Fungi","Dactylosporangium","Larix","perc25",3.02155569458799,0.0117011701170117,-3.0609271787124,0.0019001900190019,0.0224729649998493,0.018594054527404,"Prok_*Dactylosporangium*","Prokaryote","Prok_Actinobacteriota","Prok_Actinobacteria","with Δ*H* reduction","Prok_*Dactylosporangium*","*Larix*","Prok_*Dactylosporangium*",FALSE
"50%1133","Fungi","Oidiodendron","Larix","median",11.7462724415893,0.0005000500050005,23.7811149160122,0.0004000400040004,0.00126504247063362,0.00544669851600545,"Fng_*Oidiodendron*","Fungi","Fng_Ascomycota","Fng_Leotiomycetes","with Δ*H* increase","Fng_*Oidiodendron*","*Larix*","Fng_*Oidiodendron*",FALSE
"50%1147","Fungi","Phialocephala","Larix","median",7.80404954603991,0.0001000100010001,7.95239400884995,1e-04,0.000278391223310958,0.00168588287400169,"Fng_*Phialocephala*","Fungi","Fng_Ascomycota","Fng_Leotiomycetes","with Δ*H* increase","Fng_*Phialocephala*","*Larix*","Fng_*Phialocephala*",FALSE
"50%1148","Fungi","Pir4 lineage","Larix","median",3.58683157232037,0.0091009100910091,-4.30504456381967,0.0001000100010001,0.0179366872857499,0.00168588287400169,"Prok_*Pir4 lineage*","Prokaryote","Prok_Planctomycetota","Prok_Planctomycetes","with Δ*H* reduction","Prok_*Pir4 lineage*","*Larix*","Prok_*Pir4 lineage*",FALSE
"75%1133","Fungi","Oidiodendron","Larix","perc75",11.41040198759,0.0066006600660066,17.4569176284271,1e-04,0.0134356234812122,0.00168588287400169,"Fng_*Oidiodendron*","Fungi","Fng_Ascomycota","Fng_Leotiomycetes","with Δ*H* increase","Fng_*Oidiodendron*","*Larix*","Fng_*Oidiodendron*",FALSE
"75%1123","Fungi","Mycena","Larix","perc75",4.14154572994125,0.0046004600460046,4.35976922848234,0.0009000900090009,0.00973958155309202,0.0104570302590105,"Fng_*Mycena*","Fungi","Fng_Basidiomycota","Fng_Agaricomycetes","with Δ*H* increase","Fng_*Mycena*","*Larix*","Fng_*Mycena*",FALSE
"25%538","Fungi","Cladophialophora","Juglans","perc25",5.74385346360925,1e-04,8.28717206798381,1e-04,0.000278391223310958,0.00168588287400169,"Fng_*Cladophialophora*","Fungi","Fng_Ascomycota","Fng_Eurotiomycetes","with Δ*H* increase","Fng_*Cladophialophora*","*Juglans*","Fng_*Cladophialophora*",FALSE
"25%566","Fungi","Hyaloscypha","Juglans","perc25",9.58372027373597,1e-04,3.86025125282107,1e-04,0.000278391223310958,0.00168588287400169,"Fng_*Hyaloscypha*","Fungi","Fng_Ascomycota","Fng_Leotiomycetes","with Δ*H* increase","Fng_*Hyaloscypha*","*Juglans*","Fng_*Hyaloscypha*",FALSE
"25%588","Fungi","Nitrospira","Juglans","perc25",3.67682463139296,0.0007000700070007,-3.41481924009155,0.0023002300230023,0.00172468146978364,0.0209105502695285,"Prok_*Nitrospira*","Prokaryote","Prok_Nitrospirota","Prok_Nitrospiria","with Δ*H* reduction","Prok_Others","*Juglans*","Prok_Others",FALSE
"25%5134","Fungi","Thermosporothrix","Juglans","perc25",4.43290171831823,0.0003000300030003,-3.72689888282447,0.0001000100010001,0.000787824094228001,0.00168588287400169,"Prok_*Thermosporothrix*","Prokaryote","Prok_Chloroflexi","Prok_Ktedonobacteria","with Δ*H* reduction","Prok_*Thermosporothrix*","*Juglans*","Prok_*Thermosporothrix*",FALSE
"50%538","Fungi","Cladophialophora","Juglans","median",5.52333630285243,0.0001000100010001,5.67757090487663,1e-04,0.000278391223310958,0.00168588287400169,"Fng_*Cladophialophora*","Fungi","Fng_Ascomycota","Fng_Eurotiomycetes","with Δ*H* increase","Fng_*Cladophialophora*","*Juglans*","Fng_*Cladophialophora*",FALSE
"50%5110","Fungi","Ramicandelaberales_gen_Incertae_sedis","Juglans","median",4.70607910096058,1e-04,3.46139639808066,0.0003000300030003,0.000278391223310958,0.00431957071305217,"Fng_*Ramicandelaberales_gen_Incertae_sedis*","Fungi","Fng_Kickxellomycota","Fng_Ramicandelaberomycetes","with Δ*H* increase","Fng_*Ramicandelaberales_gen_Incertae_sedis*","*Juglans*","Fng_*Ramicandelaberales_gen_Incertae_sedis*",FALSE
"50%5134","Fungi","Thermosporothrix","Juglans","median",4.00001904004438,0.0001000100010001,-4.00778352069667,1e-04,0.000278391223310958,0.00168588287400169,"Prok_*Thermosporothrix*","Prokaryote","Prok_Chloroflexi","Prok_Ktedonobacteria","with Δ*H* reduction","Prok_*Thermosporothrix*","*Juglans*","Prok_*Thermosporothrix*",FALSE
"75%538","Fungi","Cladophialophora","Juglans","perc75",5.74978210132854,1e-04,6.96427485321894,1e-04,0.000278391223310958,0.00168588287400169,"Fng_*Cladophialophora*","Fungi","Fng_Ascomycota","Fng_Eurotiomycetes","with Δ*H* increase","Fng_*Cladophialophora*","*Juglans*","Fng_*Cladophialophora*",FALSE
"75%566","Fungi","Hyaloscypha","Juglans","perc75",10.2181007336766,1e-04,5.25366687938502,1e-04,0.000278391223310958,0.00168588287400169,"Fng_*Hyaloscypha*","Fungi","Fng_Ascomycota","Fng_Leotiomycetes","with Δ*H* increase","Fng_*Hyaloscypha*","*Juglans*","Fng_*Hyaloscypha*",FALSE
"75%5134","Fungi","Thermosporothrix","Juglans","perc75",3.43177113184223,0.0002000200020002,-3.81036438984923,0.0001000100010001,0.000538845830891814,0.00168588287400169,"Prok_*Thermosporothrix*","Prokaryote","Prok_Chloroflexi","Prok_Ktedonobacteria","with Δ*H* reduction","Prok_*Thermosporothrix*","*Juglans*","Prok_*Thermosporothrix*",FALSE
"75%586","Fungi","Nevskia","Juglans","perc75",3.25708617683581,0.0006000600060006,-3.21943732983146,0.0026002600260026,0.00149543100005365,0.0229112223081752,"Prok_*Nevskia*","Prokaryote","Prok_Proteobacteria","Prok_Gammaproteobacteria","with Δ*H* reduction","Prok_Others","*Juglans*","Prok_Others",FALSE
"25%831","Prokaryote","Candidatus Solibacter","Betula","perc25",25.3236808172811,1e-04,8.1375647768006,1e-04,0.000278391223310958,0.00168588287400169,"Prok_*Candidatus Solibacter*","Prokaryote","Prok_Acidobacteriota","Prok_Acidobacteriae","with Δ*H* increase","Prok_*Candidatus Solibacter*","*Betula*","Prok_*Candidatus Solibacter*",FALSE
"25%6121","Prokaryote","Reyranella","Betula","perc25",23.2372986865206,1e-04,6.10660173112725,1e-04,0.000278391223310958,0.00168588287400169,"Prok_*Reyranella*","Prokaryote","Prok_Proteobacteria","Prok_Alphaproteobacteria","with Δ*H* increase","Prok_*Reyranella*","*Betula*","Prok_*Reyranella*",FALSE
"25%3010","Prokaryote","ADurb.Bin063-1","Betula","perc25",10.5771109681011,1e-04,-5.26844788734368,1e-04,0.000278391223310958,0.00168588287400169,"Prok_*ADurb.Bin063-1*","Prokaryote","Prok_Verrucomicrobiota","Prok_Verrucomicrobiae","with Δ*H* reduction","Prok_Others","*Betula*","Prok_Others",FALSE
"25%1081","Prokaryote","Dongia","Betula","perc25",13.9278828354966,1e-04,-4.67723396227031,1e-04,0.000278391223310958,0.00168588287400169,"Prok_*Dongia*","Prokaryote","Prok_Proteobacteria","Prok_Alphaproteobacteria","with Δ*H* reduction","Prok_Others","*Betula*","Prok_Others",FALSE
"50%831","Prokaryote","Candidatus Solibacter","Betula","median",26.7098096816973,1e-04,3.93906395698376,0.0004000400040004,0.000278391223310958,0.00544669851600545,"Prok_*Candidatus Solibacter*","Prokaryote","Prok_Acidobacteriota","Prok_Acidobacteriae","with Δ*H* increase","Prok_*Candidatus Solibacter*","*Betula*","Prok_*Candidatus Solibacter*",FALSE
"50%6121","Prokaryote","Reyranella","Betula","median",24.0260432652024,1e-04,3.52418734993137,0.0009000900090009,0.000278391223310958,0.0104570302590105,"Prok_*Reyranella*","Prokaryote","Prok_Proteobacteria","Prok_Alphaproteobacteria","with Δ*H* increase","Prok_*Reyranella*","*Betula*","Prok_*Reyranella*",FALSE
"50%6391","Prokaryote","Subgroup 10","Betula","median",19.5694173654644,1e-04,-7.05878901010054,1e-04,0.000278391223310958,0.00168588287400169,"Prok_*Subgroup 10*","Prokaryote","Prok_Acidobacteriota","Prok_Thermoanaerobaculia","with Δ*H* reduction","Prok_Others","*Betula*","Prok_Others",FALSE
"50%1051","Prokaryote","Devosia","Betula","median",10.9433737901507,1e-04,-5.84916767988534,1e-04,0.000278391223310958,0.00168588287400169,"Prok_*Devosia*","Prokaryote","Prok_Proteobacteria","Prok_Alphaproteobacteria","with Δ*H* reduction","Prok_Others","*Betula*","Prok_Others",FALSE
"75%1041","Prokaryote","Desulfosporosinus","Betula","perc75",10.5638819494064,1e-04,-7.6063551879522,1e-04,0.000278391223310958,0.00168588287400169,"Prok_*Desulfosporosinus*","Prokaryote","Prok_Firmicutes","Prok_Desulfitobacteriia","with Δ*H* reduction","Prok_Others","*Betula*","Prok_Others",FALSE
"75%3010","Prokaryote","ADurb.Bin063-1","Betula","perc75",11.6256632396877,1e-04,-7.16314714167485,1e-04,0.000278391223310958,0.00168588287400169,"Prok_*ADurb.Bin063-1*","Prokaryote","Prok_Verrucomicrobiota","Prok_Verrucomicrobiae","with Δ*H* reduction","Prok_Others","*Betula*","Prok_Others",FALSE
"25%21271","Prokaryote","Pedomicrobium","Pinus","perc25",17.44410929017,1e-04,4.61792330230965,1e-04,0.000278391223310958,0.00168588287400169,"Prok_*Pedomicrobium*","Prokaryote","Prok_Proteobacteria","Prok_Alphaproteobacteria","with Δ*H* increase","Prok_*Pedomicrobium*","*Pinus*","Prok_*Pedomicrobium*",FALSE
"25%21661","Prokaryote","Sphaerotilus","Pinus","perc25",11.7385787033368,1e-04,3.96073056848322,0.0001000100010001,0.000278391223310958,0.00168588287400169,"Prok_*Sphaerotilus*","Prokaryote","Prok_Proteobacteria","Prok_Gammaproteobacteria","with Δ*H* increase","Prok_*Sphaerotilus*","*Pinus*","Prok_*Sphaerotilus*",FALSE
"25%11601","Prokaryote","Rhizomicrobium","Pinus","perc25",9.66491616565417,1e-04,-5.92449624103629,1e-04,0.000278391223310958,0.00168588287400169,"Prok_*Rhizomicrobium*","Prokaryote","Prok_Proteobacteria","Prok_Alphaproteobacteria","with Δ*H* reduction","Prok_Others","*Pinus*","Prok_Others",FALSE
"25%2710","Prokaryote","Acidothermus","Pinus","perc25",10.0998557290376,1e-04,-4.59235389988126,1e-04,0.000278391223310958,0.00168588287400169,"Prok_*Acidothermus*","Prokaryote","Prok_Actinobacteriota","Prok_Actinobacteria","with Δ*H* reduction","Prok_Others","*Pinus*","Prok_Others",FALSE
"50%2511","Prokaryote","Collimonas","Pinus","median",2.96267748741497,0.0022002200220022,3.3646189487245,0.002000200020002,0.00500662311129072,0.0191370488400191,"Prok_*Collimonas*","Prokaryote","Prok_Proteobacteria","Prok_Gammaproteobacteria","with Δ*H* increase","Prok_Others","*Pinus*","Prok_Others",FALSE
"50%2791","Prokaryote","Haliangium","Pinus","median",13.9624648893282,1e-04,2.75283227062388,0.0029002900290029,0.000278391223310958,0.0246524652465246,"Prok_*Haliangium*","Prokaryote","Prok_Myxococcota","Prok_Polyangia","with Δ*H* increase","Prok_*Haliangium*","*Pinus*","Prok_*Haliangium*",FALSE
"50%21011","Prokaryote","Meliniomyces","Pinus","median",13.3504206490311,1e-04,-6.09341069109457,1e-04,0.000278391223310958,0.00168588287400169,"Fng_*Meliniomyces*","Fungi","Fng_Ascomycota","Fng_Leotiomycetes","with Δ*H* reduction","Fng_*Meliniomyces*","*Pinus*","Fng_*Meliniomyces*",FALSE
"50%11601","Prokaryote","Rhizomicrobium","Pinus","median",10.2737304616331,1e-04,-5.84774665526742,1e-04,0.000278391223310958,0.00168588287400169,"Prok_*Rhizomicrobium*","Prokaryote","Prok_Proteobacteria","Prok_Alphaproteobacteria","with Δ*H* reduction","Prok_Others","*Pinus*","Prok_Others",FALSE
"75%11601","Prokaryote","Rhizomicrobium","Pinus","perc75",9.10765531583703,1e-04,-6.81125162881275,1e-04,0.000278391223310958,0.00168588287400169,"Prok_*Rhizomicrobium*","Prokaryote","Prok_Proteobacteria","Prok_Alphaproteobacteria","with Δ*H* reduction","Prok_Others","*Pinus*","Prok_Others",FALSE
"75%21011","Prokaryote","Meliniomyces","Pinus","perc75",12.8735773210969,1e-04,-6.13524662091063,1e-04,0.000278391223310958,0.00168588287400169,"Fng_*Meliniomyces*","Fungi","Fng_Ascomycota","Fng_Leotiomycetes","with Δ*H* reduction","Fng_*Meliniomyces*","*Pinus*","Fng_*Meliniomyces*",FALSE
"25%3891","Prokaryote","Labrys","Acer","perc25",18.684081171732,1e-04,4.21801159925757,1e-04,0.000278391223310958,0.00168588287400169,"Prok_*Labrys*","Prokaryote","Prok_Proteobacteria","Prok_Alphaproteobacteria","with Δ*H* increase","Prok_*Labrys*","*Acer*","Prok_*Labrys*",FALSE
"25%31191","Prokaryote","Pajaroellobacter","Acer","perc25",18.2023029123806,1e-04,2.91482784249134,0.0029002900290029,0.000278391223310958,0.0246524652465246,"Prok_*Pajaroellobacter*","Prokaryote","Prok_Myxococcota","Prok_Polyangia","with Δ*H* increase","Prok_Others","*Acer*","Prok_Others",FALSE
"25%31291","Prokaryote","Pir4 lineage","Acer","perc25",18.0446827483653,1e-04,-5.69329107593591,1e-04,0.000278391223310958,0.00168588287400169,"Prok_*Pir4 lineage*","Prokaryote","Prok_Planctomycetota","Prok_Planctomycetes","with Δ*H* reduction","Prok_*Pir4 lineage*","*Acer*","Prok_*Pir4 lineage*",FALSE
"25%3721","Prokaryote","G12-WMSP1","Acer","perc25",9.59687885841267,1e-04,-4.76001788241768,1e-04,0.000278391223310958,0.00168588287400169,"Prok_*G12-WMSP1*","Prokaryote","Prok_Chloroflexi","Prok_Ktedonobacteria","with Δ*H* reduction","Prok_Others","*Acer*","Prok_Others",FALSE
"50%3231","Prokaryote","Bacillus","Acer","median",13.8238946322481,1e-04,3.27898604170644,0.0003000300030003,0.000278391223310958,0.00431957071305217,"Prok_*Bacillus*","Prokaryote","Prok_Firmicutes","Prok_Bacilli","with Δ*H* increase","Prok_Others","*Acer*","Prok_Others",FALSE
"50%3511","Prokaryote","Collimonas","Acer","median",3.68322145912503,0.0007000700070007,3.02957580546758,0.0002000200020002,0.00172468146978364,0.00310237209287939,"Prok_*Collimonas*","Prokaryote","Prok_Proteobacteria","Prok_Gammaproteobacteria","with Δ*H* increase","Prok_Others","*Acer*","Prok_Others",FALSE
"50%3721","Prokaryote","G12-WMSP1","Acer","median",9.24954787184246,1e-04,-4.94107621076511,1e-04,0.000278391223310958,0.00168588287400169,"Prok_*G12-WMSP1*","Prokaryote","Prok_Chloroflexi","Prok_Ktedonobacteria","with Δ*H* reduction","Prok_Others","*Acer*","Prok_Others",FALSE
"50%3761","Prokaryote","Gemmatimonas","Acer","median",17.0087390067458,1e-04,-4.12627432227628,1e-04,0.000278391223310958,0.00168588287400169,"Prok_*Gemmatimonas*","Prokaryote","Prok_Gemmatimonadota","Prok_Gemmatimonadetes","with Δ*H* reduction","Prok_*Gemmatimonas*","*Acer*","Prok_*Gemmatimonas*",FALSE
"75%3511","Prokaryote","Collimonas","Acer","perc75",3.36435341966077,0.0009000900090009,2.68372231453644,0.002000200020002,0.00218525884846549,0.0191370488400191,"Prok_*Collimonas*","Prokaryote","Prok_Proteobacteria","Prok_Gammaproteobacteria","with Δ*H* increase","Prok_Others","*Acer*","Prok_Others",FALSE
"75%3801","Prokaryote","HSB OF53-F07","Acer","perc75",12.917168701324,1e-04,-6.34375348638928,1e-04,0.000278391223310958,0.00168588287400169,"Prok_*HSB OF53-F07*","Prokaryote","Prok_Chloroflexi","Prok_Ktedonobacteria","with Δ*H* reduction","Prok_*HSB OF53-F07*","*Acer*","Prok_*HSB OF53-F07*",FALSE
"75%3721","Prokaryote","G12-WMSP1","Acer","perc75",7.91346212450692,1e-04,-6.00511450917622,1e-04,0.000278391223310958,0.00168588287400169,"Prok_*G12-WMSP1*","Prokaryote","Prok_Chloroflexi","Prok_Ktedonobacteria","with Δ*H* reduction","Prok_Others","*Acer*","Prok_Others",FALSE
"25%4721","Prokaryote","Galbitalea","Populus","perc25",12.7126227270725,1e-04,2.61368699669491,0.0029002900290029,0.000278391223310958,0.0246524652465246,"Prok_*Galbitalea*","Prokaryote","Prok_Actinobacteriota","Prok_Actinobacteria","with Δ*H* increase","Prok_Others","*Populus*","Prok_Others",FALSE
"25%41191","Prokaryote","Pedomicrobium","Populus","perc25",23.1152466168729,1e-04,-6.67399940563226,1e-04,0.000278391223310958,0.00168588287400169,"Prok_*Pedomicrobium*","Prokaryote","Prok_Proteobacteria","Prok_Alphaproteobacteria","with Δ*H* reduction","Prok_*Pedomicrobium*","*Populus*","Prok_*Pedomicrobium*",FALSE
"25%41251","Prokaryote","Pir4 lineage","Populus","perc25",21.4544091030223,1e-04,-6.61223631170329,1e-04,0.000278391223310958,0.00168588287400169,"Prok_*Pir4 lineage*","Prokaryote","Prok_Planctomycetota","Prok_Planctomycetes","with Δ*H* reduction","Prok_*Pir4 lineage*","*Populus*","Prok_*Pir4 lineage*",FALSE
"50%4791","Prokaryote","Hyaloscypha","Populus","median",2.89807459122888,0.0031003100310031,3.17452218542593,0.0006000600060006,0.00679787570891102,0.00761848336732407,"Fng_*Hyaloscypha*","Fungi","Fng_Ascomycota","Fng_Leotiomycetes","with Δ*H* increase","Fng_*Hyaloscypha*","*Populus*","Fng_*Hyaloscypha*",FALSE
"50%41191","Prokaryote","Pedomicrobium","Populus","median",22.8111810980795,1e-04,-7.85708089088523,1e-04,0.000278391223310958,0.00168588287400169,"Prok_*Pedomicrobium*","Prokaryote","Prok_Proteobacteria","Prok_Alphaproteobacteria","with Δ*H* reduction","Prok_*Pedomicrobium*","*Populus*","Prok_*Pedomicrobium*",FALSE
"50%41571","Prokaryote","Subgroup 10","Populus","median",14.4108548725416,1e-04,-6.50500784727361,1e-04,0.000278391223310958,0.00168588287400169,"Prok_*Subgroup 10*","Prokaryote","Prok_Acidobacteriota","Prok_Thermoanaerobaculia","with Δ*H* reduction","Prok_Others","*Populus*","Prok_Others",FALSE
"75%4791","Prokaryote","Hyaloscypha","Populus","perc75",2.855825352787,0.0044004400440044,2.75493286275388,0.0024002400240024,0.00934569647440935,0.0214950066435215,"Fng_*Hyaloscypha*","Fungi","Fng_Ascomycota","Fng_Leotiomycetes","with Δ*H* increase","Fng_*Hyaloscypha*","*Populus*","Fng_*Hyaloscypha*",FALSE
"75%41191","Prokaryote","Pedomicrobium","Populus","perc75",21.7194774562928,1e-04,-7.9751569598544,1e-04,0.000278391223310958,0.00168588287400169,"Prok_*Pedomicrobium*","Prokaryote","Prok_Proteobacteria","Prok_Alphaproteobacteria","with Δ*H* reduction","Prok_*Pedomicrobium*","*Populus*","Prok_*Pedomicrobium*",FALSE
"75%4711","Prokaryote","G12-WMSP1","Populus","perc75",10.4315880943409,1e-04,-5.93671733291473,1e-04,0.000278391223310958,0.00168588287400169,"Prok_*G12-WMSP1*","Prokaryote","Prok_Chloroflexi","Prok_Ktedonobacteria","with Δ*H* reduction","Prok_Others","*Populus*","Prok_Others",FALSE
"25%1541","Prokaryote","Conexibacter","Larix","perc25",19.2972327567432,1e-04,3.09214013436138,0.0016001600160016,0.000278391223310958,0.0163216321632163,"Prok_*Conexibacter*","Prokaryote","Prok_Actinobacteriota","Prok_Thermoleophilia","with Δ*H* increase","Prok_Others","*Larix*","Prok_Others",FALSE
"25%11481","Prokaryote","Pir4 lineage","Larix","perc25",22.2573598047351,1e-04,-7.56006847565919,1e-04,0.000278391223310958,0.00168588287400169,"Prok_*Pir4 lineage*","Prokaryote","Prok_Planctomycetota","Prok_Planctomycetes","with Δ*H* reduction","Prok_*Pir4 lineage*","*Larix*","Prok_*Pir4 lineage*",FALSE
"25%1831","Prokaryote","G12-WMSP1","Larix","perc25",9.36595158337684,1e-04,-4.52939508242422,1e-04,0.000278391223310958,0.00168588287400169,"Prok_*G12-WMSP1*","Prokaryote","Prok_Chloroflexi","Prok_Ktedonobacteria","with Δ*H* reduction","Prok_Others","*Larix*","Prok_Others",FALSE
"50%11481","Prokaryote","Pir4 lineage","Larix","median",21.3050626160217,1e-04,-6.75033239805994,1e-04,0.000278391223310958,0.00168588287400169,"Prok_*Pir4 lineage*","Prokaryote","Prok_Planctomycetota","Prok_Planctomycetes","with Δ*H* reduction","Prok_*Pir4 lineage*","*Larix*","Prok_*Pir4 lineage*",FALSE
"50%1511","Prokaryote","Clostridium sensu stricto 13","Larix","median",9.11292060288654,1e-04,-5.51909292996477,1e-04,0.000278391223310958,0.00168588287400169,"Prok_*Clostridium sensu stricto 13*","Prokaryote","Prok_Firmicutes","Prok_Clostridia","with Δ*H* reduction","Prok_Others","*Larix*","Prok_Others",FALSE
"75%11841","Prokaryote","Streptacidiphilus","Larix","perc75",6.71762707252177,1e-04,2.83233851315662,0.0029002900290029,0.000278391223310958,0.0246524652465246,"Prok_*Streptacidiphilus*","Prokaryote","Prok_Actinobacteriota","Prok_Actinobacteria","with Δ*H* increase","Prok_Others","*Larix*","Prok_Others",FALSE
"75%1831","Prokaryote","G12-WMSP1","Larix","perc75",10.6787800216422,1e-04,-8.88775467810445,1e-04,0.000278391223310958,0.00168588287400169,"Prok_*G12-WMSP1*","Prokaryote","Prok_Chloroflexi","Prok_Ktedonobacteria","with Δ*H* reduction","Prok_Others","*Larix*","Prok_Others",FALSE
"75%11851","Prokaryote","Subgroup 10","Larix","perc75",17.5244605703545,1e-04,-8.00576138589118,1e-04,0.000278391223310958,0.00168588287400169,"Prok_*Subgroup 10*","Prokaryote","Prok_Acidobacteriota","Prok_Thermoanaerobaculia","with Δ*H* reduction","Prok_Others","*Larix*","Prok_Others",FALSE
"25%5971","Prokaryote","Pedomicrobium","Juglans","perc25",20.1945288565446,1e-04,-9.00384742417623,1e-04,0.000278391223310958,0.00168588287400169,"Prok_*Pedomicrobium*","Prokaryote","Prok_Proteobacteria","Prok_Alphaproteobacteria","with Δ*H* reduction","Prok_*Pedomicrobium*","*Juglans*","Prok_*Pedomicrobium*",FALSE
"25%51371","Prokaryote","Tundrisphaera","Juglans","perc25",14.4492267610562,1e-04,-7.36841395670036,1e-04,0.000278391223310958,0.00168588287400169,"Prok_*Tundrisphaera*","Prokaryote","Prok_Planctomycetota","Prok_Planctomycetes","with Δ*H* reduction","Prok_*Tundrisphaera*","*Juglans*","Prok_*Tundrisphaera*",FALSE
"50%5321","Prokaryote","Candidatus Xiphinematobacter","Juglans","median",23.8760323723139,1e-04,-9.1189895164438,1e-04,0.000278391223310958,0.00168588287400169,"Prok_*Candidatus Xiphinematobacter*","Prokaryote","Prok_Verrucomicrobiota","Prok_Verrucomicrobiae","with Δ*H* reduction","Prok_*Candidatus Xiphinematobacter*","*Juglans*","Prok_*Candidatus Xiphinematobacter*",FALSE
"50%5951","Prokaryote","Paenibacillus","Juglans","median",19.7374832173731,1e-04,-8.60699100871494,1e-04,0.000278391223310958,0.00168588287400169,"Prok_*Paenibacillus*","Prokaryote","Prok_Firmicutes","Prok_Bacilli","with Δ*H* reduction","Prok_Others","*Juglans*","Prok_Others",FALSE
"75%5321","Prokaryote","Candidatus Xiphinematobacter","Juglans","perc75",23.05459443596,1e-04,-9.78026104018577,1e-04,0.000278391223310958,0.00168588287400169,"Prok_*Candidatus Xiphinematobacter*","Prokaryote","Prok_Verrucomicrobiota","Prok_Verrucomicrobiae","with Δ*H* reduction","Prok_*Candidatus Xiphinematobacter*","*Juglans*","Prok_*Candidatus Xiphinematobacter*",FALSE
"75%5301","Prokaryote","Candidatus Solibacter","Juglans","perc75",28.467889136429,1e-04,-7.74480007971479,1e-04,0.000278391223310958,0.00168588287400169,"Prok_*Candidatus Solibacter*","Prokaryote","Prok_Acidobacteriota","Prok_Acidobacteriae","with Δ*H* reduction","Prok_*Candidatus Solibacter*","*Juglans*","Prok_*Candidatus Solibacter*",FALSE
